{
	"Changes": [
		{
			"Action": "EditData",
			"Target": "Data/Machines",
			"Entries": {
				"(BC)Jok.BiggerCraftables.Purple": {
					"InteractMethod": null,
					"OutputRules": [
						{
							"Id": "Default_OstrichEgg",
							"Triggers": [
								{
									"Id": "ItemPlacedInMachine",
									"Trigger": "ItemPlacedInMachine",
									"RequiredItemId": "(O)289",
									"RequiredTags": null,
									"RequiredCount": 1,
									"Condition": null
								}
							],
							"UseFirstValidOutput": false,
							"OutputItem": [
								{
									"CustomData": null,
									"OutputMethod": null,
									"CopyColor": false,
									"CopyPrice": false,
									"CopyQuality": true,
									"PreserveType": null,
									"PreserveId": null,
									"IncrementMachineParentSheetIndex": 0,
									"PriceModifiers": null,
									"PriceModifierMode": "Stack",
									"Condition": null,
									"Id": "(O)306",
									"ItemId": "(O)306",
									"RandomItemId": null,
									"MaxItems": null,
									"MinStack": 10,
									"MaxStack": -1,
									"Quality": -1,
									"ObjectInternalName": null,
									"ObjectDisplayName": null,
									"ObjectColor": null,
									"ToolUpgradeLevel": -1,
									"IsRecipe": false,
									"StackModifiers": null,
									"StackModifierMode": "Stack",
									"QualityModifiers": null,
									"QualityModifierMode": "Stack",
									"ModData": null,
									"PerItemCondition": null
								}
							],
							"MinutesUntilReady": 180,
							"DaysUntilReady": -1,
							"InvalidCountMessage": null,
							"RecalculateOnCollect": false
						},
						{
							"Id": "Default_DuckEgg",
							"Triggers": [
								{
									"Id": "ItemPlacedInMachine",
									"Trigger": "ItemPlacedInMachine",
									"RequiredItemId": "(O)442",
									"RequiredTags": null,
									"RequiredCount": 1,
									"Condition": null
								}
							],
							"UseFirstValidOutput": false,
							"OutputItem": [
								{
									"CustomData": null,
									"OutputMethod": null,
									"CopyColor": false,
									"CopyPrice": false,
									"CopyQuality": false,
									"PreserveType": null,
									"PreserveId": null,
									"IncrementMachineParentSheetIndex": 0,
									"PriceModifiers": null,
									"PriceModifierMode": "Stack",
									"Condition": null,
									"Id": "(O)307",
									"ItemId": "(O)307",
									"RandomItemId": null,
									"MaxItems": null,
									"MinStack": -1,
									"MaxStack": -1,
									"Quality": -1,
									"ObjectInternalName": null,
									"ObjectDisplayName": null,
									"ObjectColor": null,
									"ToolUpgradeLevel": -1,
									"IsRecipe": false,
									"StackModifiers": null,
									"StackModifierMode": "Stack",
									"QualityModifiers": null,
									"QualityModifierMode": "Stack",
									"ModData": null,
									"PerItemCondition": null
								}
							],
							"MinutesUntilReady": 180,
							"DaysUntilReady": -1,
							"InvalidCountMessage": null,
							"RecalculateOnCollect": false
						},
						{
							"Id": "Default_VoidEgg",
							"Triggers": [
								{
									"Id": "ItemPlacedInMachine",
									"Trigger": "ItemPlacedInMachine",
									"RequiredItemId": "(O)305",
									"RequiredTags": null,
									"RequiredCount": 1,
									"Condition": null
								}
							],
							"UseFirstValidOutput": false,
							"OutputItem": [
								{
									"CustomData": null,
									"OutputMethod": null,
									"CopyColor": false,
									"CopyPrice": false,
									"CopyQuality": false,
									"PreserveType": null,
									"PreserveId": null,
									"IncrementMachineParentSheetIndex": 0,
									"PriceModifiers": null,
									"PriceModifierMode": "Stack",
									"Condition": null,
									"Id": "(O)308",
									"ItemId": "(O)308",
									"RandomItemId": null,
									"MaxItems": null,
									"MinStack": -1,
									"MaxStack": -1,
									"Quality": -1,
									"ObjectInternalName": null,
									"ObjectDisplayName": null,
									"ObjectColor": null,
									"ToolUpgradeLevel": -1,
									"IsRecipe": false,
									"StackModifiers": null,
									"StackModifierMode": "Stack",
									"QualityModifiers": null,
									"QualityModifierMode": "Stack",
									"ModData": null,
									"PerItemCondition": null
								}
							],
							"MinutesUntilReady": 180,
							"DaysUntilReady": -1,
							"InvalidCountMessage": null,
							"RecalculateOnCollect": false
						},
						{
							"Id": "Default_DinosaurEgg",
							"Triggers": [
								{
									"Id": "ItemPlacedInMachine",
									"Trigger": "ItemPlacedInMachine",
									"RequiredItemId": "(O)107",
									"RequiredTags": null,
									"RequiredCount": 1,
									"Condition": null
								}
							],
							"UseFirstValidOutput": false,
							"OutputItem": [
								{
									"CustomData": null,
									"OutputMethod": null,
									"CopyColor": false,
									"CopyPrice": false,
									"CopyQuality": false,
									"PreserveType": null,
									"PreserveId": null,
									"IncrementMachineParentSheetIndex": 0,
									"PriceModifiers": null,
									"PriceModifierMode": "Stack",
									"Condition": null,
									"Id": "(O)807",
									"ItemId": "(O)807",
									"RandomItemId": null,
									"MaxItems": null,
									"MinStack": -1,
									"MaxStack": -1,
									"Quality": -1,
									"ObjectInternalName": null,
									"ObjectDisplayName": null,
									"ObjectColor": null,
									"ToolUpgradeLevel": -1,
									"IsRecipe": false,
									"StackModifiers": null,
									"StackModifierMode": "Stack",
									"QualityModifiers": null,
									"QualityModifierMode": "Stack",
									"ModData": null,
									"PerItemCondition": null
								}
							],
							"MinutesUntilReady": 180,
							"DaysUntilReady": -1,
							"InvalidCountMessage": null,
							"RecalculateOnCollect": false
						},
						{
							"Id": "Default_GoldenEgg",
							"Triggers": [
								{
									"Id": "ItemPlacedInMachine",
									"Trigger": "ItemPlacedInMachine",
									"RequiredItemId": "(O)928",
									"RequiredTags": null,
									"RequiredCount": 1,
									"Condition": null
								}
							],
							"UseFirstValidOutput": false,
							"OutputItem": [
								{
									"CustomData": null,
									"OutputMethod": null,
									"CopyColor": false,
									"CopyPrice": false,
									"CopyQuality": false,
									"PreserveType": null,
									"PreserveId": null,
									"IncrementMachineParentSheetIndex": 0,
									"PriceModifiers": null,
									"PriceModifierMode": "Stack",
									"Condition": null,
									"Id": "(O)306",
									"ItemId": "(O)306",
									"RandomItemId": null,
									"MaxItems": null,
									"MinStack": 3,
									"MaxStack": -1,
									"Quality": 2,
									"ObjectInternalName": null,
									"ObjectDisplayName": null,
									"ObjectColor": null,
									"ToolUpgradeLevel": -1,
									"IsRecipe": false,
									"StackModifiers": null,
									"StackModifierMode": "Stack",
									"QualityModifiers": null,
									"QualityModifierMode": "Stack",
									"ModData": null,
									"PerItemCondition": null
								}
							],
							"MinutesUntilReady": 180,
							"DaysUntilReady": -1,
							"InvalidCountMessage": null,
							"RecalculateOnCollect": false
						},
						{
							"Id": "Default_LargeEgg",
							"Triggers": [
								{
									"Id": "ItemPlacedInMachine",
									"Trigger": "ItemPlacedInMachine",
									"RequiredItemId": null,
									"RequiredTags": [
										"large_egg_item",
										"egg_item"
									],
									"RequiredCount": 1,
									"Condition": null
								}
							],
							"UseFirstValidOutput": false,
							"OutputItem": [
								{
									"CustomData": null,
									"OutputMethod": null,
									"CopyColor": false,
									"CopyPrice": false,
									"CopyQuality": false,
									"PreserveType": null,
									"PreserveId": null,
									"IncrementMachineParentSheetIndex": 0,
									"PriceModifiers": null,
									"PriceModifierMode": "Stack",
									"Condition": null,
									"Id": "(O)306",
									"ItemId": "(O)306",
									"RandomItemId": null,
									"MaxItems": null,
									"MinStack": -1,
									"MaxStack": -1,
									"Quality": 2,
									"ObjectInternalName": null,
									"ObjectDisplayName": null,
									"ObjectColor": null,
									"ToolUpgradeLevel": -1,
									"IsRecipe": false,
									"StackModifiers": null,
									"StackModifierMode": "Stack",
									"QualityModifiers": null,
									"QualityModifierMode": "Stack",
									"ModData": null,
									"PerItemCondition": null
								}
							],
							"MinutesUntilReady": 10,
							"DaysUntilReady": -1,
							"InvalidCountMessage": null,
							"RecalculateOnCollect": false
						},
						{
							"Id": "Default_Egg",
							"Triggers": [
								{
									"Id": "ItemPlacedInMachine",
									"Trigger": "ItemPlacedInMachine",
									"RequiredItemId": null,
									"RequiredTags": [
										"egg_item"
									],
									"RequiredCount": 1,
									"Condition": null
								}
							],
							"UseFirstValidOutput": false,
							"OutputItem": [
								{
									"CustomData": null,
									"OutputMethod": null,
									"CopyColor": false,
									"CopyPrice": false,
									"CopyQuality": false,
									"PreserveType": null,
									"PreserveId": null,
									"IncrementMachineParentSheetIndex": 0,
									"PriceModifiers": null,
									"PriceModifierMode": "Stack",
									"Condition": null,
									"Id": "(O)306",
									"ItemId": "(O)306",
									"RandomItemId": null,
									"MaxItems": null,
									"MinStack": -1,
									"MaxStack": -1,
									"Quality": -1,
									"ObjectInternalName": null,
									"ObjectDisplayName": null,
									"ObjectColor": null,
									"ToolUpgradeLevel": -1,
									"IsRecipe": false,
									"StackModifiers": null,
									"StackModifierMode": "Stack",
									"QualityModifiers": null,
									"QualityModifierMode": "Stack",
									"ModData": null,
									"PerItemCondition": null
								}
							],
							"MinutesUntilReady": 10,
							"DaysUntilReady": -1,
							"InvalidCountMessage": null,
							"RecalculateOnCollect": false
						}
					],
					"ReadyTimeModifierMode": "Stack",
					"LoadEffects": [
						{
							"Id": "Default",
							"Condition": null,
							"Sounds": [
								{
									"Id": "bigSelect",
									"Delay": 0
								}
							],
							"Interval": 100,
							"Frames": null,
							"ShakeDuration": -1,
							"TemporarySprites": null
						}
					],
					"WorkingEffects": [
						{
							"Id": "Default",
							"Condition": null,
							"Sounds": [
								{
									"Id": "ship",
									"Delay": 0
								}
							],
							"Interval": 100,
							"Frames": null,
							"ShakeDuration": -1,
							"TemporarySprites": [
								{
									"Id": "Default",
									"Condition": null,
									"Texture": "TileSheets\\animations",
									"SourceRect": {
										"X": 0,
										"Y": 256,
										"Width": 64,
										"Height": 64
									},
									"Interval": 150.0,
									"Frames": 7,
									"Loops": 3,
									"PositionOffset": "0, -28",
									"Flicker": false,
									"Flip": false,
									"SortOffset": 0.0,
									"AlphaFade": 0.0005,
									"Scale": 0.25,
									"ScaleChange": 0.0,
									"Rotation": 0.0,
									"RotationChange": 0.0,
									"Color": "#7FEEFF50"
								}
							]
						}
					],
					"WorkingEffectChance": 0.3,
					"WobbleWhileWorking": true,
					"LightWhileWorking": {
						"Radius": 0.5,
						"Color": "#001680FF"
					},
					"ShowNextIndexWhileWorking": true,
					"ShowNextIndexWhenReady": false,
					"AllowFairyDust": true
				},
				"(BC)Jok.BiggerCraftables.Joja": {
					"InteractMethod": null,
					"OutputRules": [
						{
							"Id": "Default_LargeEgg",
							"Triggers": [
								{
									"Id": "ItemPlacedInMachine",
									"Trigger": "ItemPlacedInMachine",
									"RequiredItemId": null,
									"RequiredTags": [
										"large_egg_item",
										"egg_item"
									],
									"RequiredCount": 1,
									"Condition": null
								}
							],
							"UseFirstValidOutput": false,
							"OutputItem": [
								{
									"CustomData": null,
									"OutputMethod": null,
									"CopyColor": false,
									"CopyPrice": false,
									"CopyQuality": false,
									"PreserveType": null,
									"PreserveId": null,
									"IncrementMachineParentSheetIndex": 0,
									"PriceModifiers": null,
									"PriceModifierMode": "Stack",
									"Condition": null,
									"Id": "(O)306",
									"ItemId": "(O)306",
									"RandomItemId": null,
									"MaxItems": null,
									"MinStack": -1,
									"MaxStack": -1,
									"Quality": 2,
									"ObjectInternalName": null,
									"ObjectDisplayName": null,
									"ObjectColor": null,
									"ToolUpgradeLevel": -1,
									"IsRecipe": false,
									"StackModifiers": null,
									"StackModifierMode": "Stack",
									"QualityModifiers": null,
									"QualityModifierMode": "Stack",
									"ModData": null,
									"PerItemCondition": null
								}
							],
							"MinutesUntilReady": 10,
							"DaysUntilReady": -1,
							"InvalidCountMessage": null,
							"RecalculateOnCollect": false
						},
						{
							"Id": "Default_Egg",
							"Triggers": [
								{
									"Id": "ItemPlacedInMachine",
									"Trigger": "ItemPlacedInMachine",
									"RequiredItemId": null,
									"RequiredTags": [
										"egg_item"
									],
									"RequiredCount": 1,
									"Condition": null
								}
							],
							"UseFirstValidOutput": false,
							"OutputItem": [
								{
									"CustomData": null,
									"OutputMethod": null,
									"CopyColor": false,
									"CopyPrice": false,
									"CopyQuality": false,
									"PreserveType": null,
									"PreserveId": null,
									"IncrementMachineParentSheetIndex": 0,
									"PriceModifiers": null,
									"PriceModifierMode": "Stack",
									"Condition": null,
									"Id": "(O)306",
									"ItemId": "(O)306",
									"RandomItemId": null,
									"MaxItems": null,
									"MinStack": -1,
									"MaxStack": -1,
									"Quality": -1,
									"ObjectInternalName": null,
									"ObjectDisplayName": null,
									"ObjectColor": null,
									"ToolUpgradeLevel": -1,
									"IsRecipe": false,
									"StackModifiers": null,
									"StackModifierMode": "Stack",
									"QualityModifiers": null,
									"QualityModifierMode": "Stack",
									"ModData": null,
									"PerItemCondition": null
								}
							],
							"MinutesUntilReady": 10,
							"DaysUntilReady": -1,
							"InvalidCountMessage": null,
							"RecalculateOnCollect": false
						}
					],
					"ReadyTimeModifierMode": "Stack",
					"LoadEffects": [
						{
							"Id": "Default",
							"Condition": null,
							"Sounds": [
								{
									"Id": "ship",
									"Delay": 0
								}
							],
							"Interval": 100,
							"Frames": null,
							"ShakeDuration": -1,
							"TemporarySprites": null
						}
					],
					"WorkingEffectChance": 0.3,
					"WobbleWhileWorking": true,
					"ShowNextIndexWhileWorking": true,
					"ShowNextIndexWhenReady": false,
					"AllowFairyDust": true
				}
			}
		}
	]
}